1397774537761071110,#KafanChorBJP,27-05-2021 04:39,ShahNawazKhanMM,"What a shame! Ajay Bisht

 #KafanChorBJP https://t.co/eOsA6Pm4J2"
1397754773927911424,#NitinGadkari,27-05-2021 03:21,goelgauravbjp,"Expressway Man of India. 
Wish @nitin_gadkari ji  a very Happy Birthday.

#NitinGadkari https://t.co/IFrjqsFcNJ"
1397745618957733888,#ThursdayMotivation,27-05-2021 02:44,ShobhnaYadava,"I find that the harder I work, the more luck I seem to have...#thursdaymorning #ThursdayMotivation #ThursdayThoughts"
1395217471389327368,#ThursdayMotivation,20-05-2021 03:19,ShobhnaYadava,All our dreams can come true if we have the courage to pursue them. #ThursdayThoughts #ThursdayMotivation #thursdaymorning #thursdayvibes
1395217471389327368,#thursdayvibes,20-05-2021 03:19,ShobhnaYadava,All our dreams can come true if we have the courage to pursue them. #ThursdayThoughts #ThursdayMotivation #thursdaymorning #thursdayvibes
1397258273842110464,#FriendsReunion,25-05-2021 18:28,JeffreyKlarik,Friends do selfies @FriendsTV #FriendsReunion https://t.co/f3ScZWuL3e
1397157601012445186,#FriendsReunion,25-05-2021 11:48,LetsOTT,"#FriendsReunion streaming on Zee5 for Indian subscribers, May 27th from 12.32pm IST. https://t.co/cmSA5wWiqh"
1397743447285452802,#JawaharlalNehru,27-05-2021 02:36,IYC,"""Democracy is good I say this because other systems are worse."" __Jawaharlal Nehru 
#JawaharlalNehru https://t.co/7hDdkdXHht"
1397510282486841354,#JawaharlalNehru,26-05-2021 11:09,KumariRukshmani,"Jawaharlal Nehru 
His Last Interview 
May 1964. #JawaharlalNehru #CongressKeVichaar 
https://t.co/4DNcQPKXQC"
1395595904070033409,#AlluSirish,21-05-2021 04:22,baraju_SuperHit,".@AlluSirish sports in new fitness avtar giving fitness goals.

#AlluSirish #FitnessMotivation https://t.co/FNu9XqHMFZ"
1397745618957733888,#thursdaymorning,27-05-2021 02:44,ShobhnaYadava,"I find that the harder I work, the more luck I seem to have...#thursdaymorning #ThursdayMotivation #ThursdayThoughts"
1395357188009472003,#thursdaymorning,20-05-2021 12:34,the_ironsheik,BE GRATEFUL FOR THE LIFE YOU HAVE. LOVE EVERYONE AND DONT BE THE JABRONI  #thursdaymorning
1395217471389327368,#thursdaymorning,20-05-2021 03:19,ShobhnaYadava,All our dreams can come true if we have the courage to pursue them. #ThursdayThoughts #ThursdayMotivation #thursdaymorning #thursdayvibes
1397741921385148417,#ThursdayThoughts,27-05-2021 02:30,ChinarcorpsIA,"One man's FATE comes from another man's WAIT. 

#IndianArmy
#Kashmir 
#ThursdayThoughts 
@adgpi 
@NorthernComd_IA https://t.co/eBIldJR81Z"
1395237905833025537,#ThursdayThoughts,20-05-2021 04:40,tim_fargo,"Success is not a good teacher, failure makes you humble.- Shah Rukh Khan #quote
#thursdaythoughts https://t.co/iFiGm1cwoP"
1395217471389327368,#ThursdayThoughts,20-05-2021 03:19,ShobhnaYadava,All our dreams can come true if we have the courage to pursue them. #ThursdayThoughts #ThursdayMotivation #thursdaymorning #thursdayvibes
1395174962114224128,#ThursdayThoughts,20-05-2021 00:30,saravanakr_n,"""The fears we don't face become our limits""..

#WalkTheTalk
#ThursdayThoughts"
1397774537761071110,#KafanChorBJP,27-05-2021 04:39,ShahNawazKhanMM,"What a shame! Ajay Bisht

 #KafanChorBJP https://t.co/eOsA6Pm4J2"
1397754773927911424,#NitinGadkari,27-05-2021 03:21,goelgauravbjp,"Expressway Man of India. 
Wish @nitin_gadkari ji  a very Happy Birthday.

#NitinGadkari https://t.co/IFrjqsFcNJ"
1397745618957733888,#ThursdayMotivation,27-05-2021 02:44,ShobhnaYadava,"I find that the harder I work, the more luck I seem to have...#thursdaymorning #ThursdayMotivation #ThursdayThoughts"
1395217471389327368,#ThursdayMotivation,20-05-2021 03:19,ShobhnaYadava,All our dreams can come true if we have the courage to pursue them. #ThursdayThoughts #ThursdayMotivation #thursdaymorning #thursdayvibes
1395217471389327368,#thursdayvibes,20-05-2021 03:19,ShobhnaYadava,All our dreams can come true if we have the courage to pursue them. #ThursdayThoughts #ThursdayMotivation #thursdaymorning #thursdayvibes
1397258273842110464,#FriendsReunion,25-05-2021 18:28,JeffreyKlarik,Friends do selfies @FriendsTV #FriendsReunion https://t.co/f3ScZWuL3e
1397157601012445186,#FriendsReunion,25-05-2021 11:48,LetsOTT,"#FriendsReunion streaming on Zee5 for Indian subscribers, May 27th from 12.32pm IST. https://t.co/cmSA5wWiqh"
1397743447285452802,#JawaharlalNehru,27-05-2021 02:36,IYC,"""Democracy is good I say this because other systems are worse."" __Jawaharlal Nehru 
#JawaharlalNehru https://t.co/7hDdkdXHht"
1397510282486841354,#JawaharlalNehru,26-05-2021 11:09,KumariRukshmani,"Jawaharlal Nehru 
His Last Interview 
May 1964. #JawaharlalNehru #CongressKeVichaar 
https://t.co/4DNcQPKXQC"
1395595904070033409,#AlluSirish,21-05-2021 04:22,baraju_SuperHit,".@AlluSirish sports in new fitness avtar giving fitness goals.

#AlluSirish #FitnessMotivation https://t.co/FNu9XqHMFZ"
1397745618957733888,#thursdaymorning,27-05-2021 02:44,ShobhnaYadava,"I find that the harder I work, the more luck I seem to have...#thursdaymorning #ThursdayMotivation #ThursdayThoughts"
1395357188009472003,#thursdaymorning,20-05-2021 12:34,the_ironsheik,BE GRATEFUL FOR THE LIFE YOU HAVE. LOVE EVERYONE AND DONT BE THE JABRONI  #thursdaymorning
1395217471389327368,#thursdaymorning,20-05-2021 03:19,ShobhnaYadava,All our dreams can come true if we have the courage to pursue them. #ThursdayThoughts #ThursdayMotivation #thursdaymorning #thursdayvibes
1397741921385148417,#ThursdayThoughts,27-05-2021 02:30,ChinarcorpsIA,"One man's FATE comes from another man's WAIT. 

#IndianArmy
#Kashmir 
#ThursdayThoughts 
@adgpi 
@NorthernComd_IA https://t.co/eBIldJR81Z"
1395237905833025537,#ThursdayThoughts,20-05-2021 04:40,tim_fargo,"Success is not a good teacher, failure makes you humble.- Shah Rukh Khan #quote
#thursdaythoughts https://t.co/iFiGm1cwoP"
1395217471389327368,#ThursdayThoughts,20-05-2021 03:19,ShobhnaYadava,All our dreams can come true if we have the courage to pursue them. #ThursdayThoughts #ThursdayMotivation #thursdaymorning #thursdayvibes
1395174962114224128,#ThursdayThoughts,20-05-2021 00:30,saravanakr_n,"""The fears we don't face become our limits""..

#WalkTheTalk
#ThursdayThoughts"
